id,numData,orderNum
1,68,91t3O04
2,38,01aoZ65
3,62,64gx284
4,20,04vtX26
5,64,98hlS21
6,93,42seN07
7,72,51f3Z05
8,73,19cxF45
9,78,77hqQ82
10,62,22sjI77
11,45,90t3457
12,19,66dpE31
13,40,88ct373
14,22,13ihI73
15,75,62fiI06
16,17,38ghC02
17,84,23v5U49
18,4,09jfF28
19,57,77syZ90
20,48,91o2N49
21,45,27k4B51
22,49,70e2N88
23,24,76bdZ12
24,16,86t5Q01
25,83,38qu546
26,59,31kgK50
27,49,18yrQ53
28,85,60sr038
29,94,34jdD19
30,16,38b6U28
31,62,96cv681
32,88,16miE65
33,84,48ijA00
34,84,46w9685
35,18,49m9I99
36,35,10tzH40
37,6,98w0572
38,88,89m2P77
39,47,36ulZ22
40,18,40sfP42
41,59,41fuU63
42,71,16jtR98
43,61,41enR36
44,50,80vkN36
45,1,46p7O58
46,99,61fyQ12
47,73,69gsO32
48,87,61ct104
49,16,99dyR62
50,1,69ohB46
51,6,55ueL67
52,14,12tbH23
53,68,08fx060
54,50,06jyC60
55,3,19rzV18
56,29,77ksF44
57,58,43onD11
58,61,53nc635
59,10,85u4G00
60,18,58x0D81
61,83,17ynR60
62,56,55p2E97
63,13,11twQ92
64,98,29a9S61
65,6,09ayX45
66,18,87xsY28
67,83,18eeD57
68,45,73t0A58
69,38,75v6M69
70,9,68e7Q33
71,40,55dyJ30
72,1,72m0T56
73,42,54dj344
74,89,79s2P69
75,56,83miM80
76,69,47isE77
77,3,28ff439
78,80,93jqF19
79,89,48h6786
80,54,68gxF07
81,59,10a5217
82,9,52maO41
83,1,39kb130
84,99,73mdF60
85,66,44lfI18
86,45,63bnK69
87,75,94iyX35
88,95,78uaW86
89,52,51mo778
90,75,88s0B67
91,98,38tiF72
92,86,85osF49
93,39,23gr796
94,15,61vmP91
95,22,08nlQ01
96,69,33vrJ43
97,57,68tz913
98,12,83keE93
99,61,06rbK47
100,90,90bm645
101,17,65k3S96
102,19,97ecF69
103,39,99sgB06
104,50,36srB84
105,65,65pzS36
106,76,56kjJ08
107,78,85f9835
108,26,19vmG07
109,20,59mqT01
110,68,49wg282
111,99,38y6C55
112,48,70p7Y03
113,36,18uoY13
114,78,33k0O02
115,40,71jkD20
116,96,43ocB93
117,58,26iyN48
118,35,07pjW55
119,47,33gyH39
120,44,53xaX31
121,9,80qnP42
122,59,92fhS70
123,59,23pfG88
124,60,29q8591
125,59,92geI36
126,46,06uq644
127,26,16a1A16
128,82,67nr768
129,80,28elK54
130,99,34aq017
131,73,05n3062
132,50,63suI63
133,97,56w5S05
134,15,95vmK69
135,88,34ccQ61
136,79,56tfU96
137,64,85xvE41
138,61,84hzZ87
139,2,45iy282
140,65,81yf109
141,52,17yaL76
142,70,71pn950
143,33,49e1F40
144,61,68siY17
145,82,75zhA24
146,14,43df237
147,10,61sc286
148,89,45p4J14
149,55,56fx415
150,38,41tc281
151,66,74n4G50
152,88,01pwO25
153,51,28haA53
154,100,07lj107
155,97,84dzU85
156,93,32evD48
157,70,20tlC42
158,26,81pkI09
159,3,35gzE70
160,53,51g2M76
161,23,74w9277
162,67,94pdN05
163,100,05gv480
164,16,96ipK67
165,45,07w5M38
166,84,19m4X36
167,5,26pzT65
168,13,68zr274
169,15,70y0N55
170,47,50r9V24
171,67,54qq210
172,18,04uoK12
173,9,45nk362
174,91,82jcH46
175,53,89qa828
176,68,26daY48
177,67,76onL00
178,71,35hv680
179,14,05ebQ87
180,18,67hfG46
181,95,60ss921
182,85,26giP20
183,18,26wgU39
184,81,60e1A80
185,65,44r8N03
186,45,66zaJ85
187,96,55goV48
188,24,03dx640
189,73,72tnO99
190,37,96r1120
191,81,58slN15
192,33,08qsJ25
193,12,83viJ09
194,60,86r1G80
195,57,03pw275
196,49,08ta811
197,79,76y4M02
198,60,92vtI85
199,89,45orY08
200,23,73gcD54
201,57,67c8X97
202,23,82cqL18
203,28,43d8C61
204,63,91ey388
205,17,13v5G87
206,39,12ewH18
207,76,91x4L85
208,93,20uvC18
209,53,50as077
210,91,21itK15
211,79,79bn460
212,20,94fwU18
213,15,21ld962
214,81,14tq851
215,59,12b2B56
216,50,28fxG80
217,83,61laP40
218,90,11mxR76
219,6,21ozD84
220,47,75fhT29
221,60,95udT69
222,60,30g0A07
223,49,49vz457
224,71,04ei795
225,13,17buN38
226,88,77seG37
227,77,04grF36
228,66,54eo436
229,99,66wyB53
230,36,23pnB99
231,40,61f9F39
232,68,68elV13
233,82,83bs589
234,61,00ze909
235,41,34md432
236,59,34to311
237,87,11hhJ39
238,100,84fkZ14
239,64,58fkO95
240,45,99qvA05
241,63,28qqH35
242,41,99igY78
243,88,06o0C08
244,2,50ilE64
245,80,53kwO04
246,51,02z6489
247,49,42j8V18
248,89,31bzZ89
249,83,99mdB11
250,30,25x2I11
251,79,89wqY55
252,65,83udJ49
253,82,80acI58
254,55,13iyR86
255,95,24s1A94
256,23,07o9L70
257,20,11c2534
258,34,13k9Z37
259,48,79xjB19
260,87,06e8441
261,10,05jwD87
262,33,54o9286
263,67,65pdI68
264,27,06y7422
265,49,28hdN51
266,24,44zd965
267,84,52fzD82
268,96,82eeP83
269,65,73s6615
270,54,50fvT44
271,59,37yq890
272,88,39rqE29
273,55,66a9D95
274,22,56t6I02
275,7,15f3071
276,70,84qoO75
277,27,43qe966
278,34,97v9H06
279,15,74w6I27
280,71,46ovM68
281,34,43jpO57
282,24,74piR95
283,87,31waI35
284,76,66moI21
285,94,49no485
286,78,76de459
287,28,15yuR42
288,60,48xhJ76
289,87,54f6127
290,22,04v6801
291,97,21xgU74
292,39,40qp668
293,24,95da515
294,20,95fzP10
295,61,79wdU58
296,70,54slM84
297,89,05rrJ57
298,3,09txW19
299,31,67sfI89
300,51,86p1L17
301,48,83uh654
302,99,20ezY96
303,77,54q2I10
304,85,66kxT02
305,23,82fbC54
306,62,35v6C92
307,47,42rtE44
308,6,39lx971
309,67,98agO86
310,54,90fmA30
311,61,54ik715
312,2,63xo943
313,32,48thI13
314,31,66e4U86
315,51,79re448
316,79,61yqT83
317,80,51qoT23
318,10,91xxQ37
319,89,42fn915
320,89,58ks759
321,36,00kr945
322,39,58s6418
323,66,71pn175
324,8,85uk074
325,81,13pmT08
326,7,97f1P37
327,50,67bbU80
328,19,82kbI68
329,68,62geY95
330,44,81m5G77
331,84,78ln679
332,84,75piT81
333,70,08d9833
334,78,80nkG02
335,55,64lrZ39
336,74,40x1Y10
337,69,88lu350
338,80,11wqE06
339,97,09ugI33
340,2,42leX99
341,72,62zxJ30
342,93,23gfO20
343,89,32c3C97
344,6,22luG46
345,71,21woB52
346,9,40x7F31
347,98,29ykM57
348,82,48acG08
349,73,79k5N75
350,34,64z9Y21
351,50,55ak092
352,93,52b7D59
353,77,47ceE34
354,37,71j7E44
355,35,40ibQ92
356,34,42w7L91
357,61,58yf092
358,75,75ha295
359,90,01b1431
360,81,58mdO15
361,85,43rgT47
362,62,29q1P17
363,92,36z8W33
364,53,33k6R33
365,73,34ojA33
366,77,90l6668
367,95,67d4S66
368,93,52xuH43
369,12,86ir761
370,26,66x8S64
371,97,12nl957
372,47,85c7723
373,25,69xqA35
374,53,00gbQ86
375,24,37sgC96
376,50,04zlM31
377,6,45bpL79
378,68,25foZ55
379,98,76obP50
380,74,03kgV67
381,14,94kbJ73
382,54,82tx406
383,99,47bt108
384,27,70dgJ85
385,72,27g7O81
386,88,15i2A19
387,35,13n1W76
388,59,44xo127
389,70,21h7R23
390,11,02exK31
391,5,17qiN59
392,97,57zrB73
393,27,42tbZ85
394,98,36zg670
395,85,22uvR59
396,44,14wpB85
397,81,59v8X20
398,92,79rtX25
399,15,29acQ28
400,84,86os799
401,100,73mnU09
402,14,73wkE68
403,84,94yt213
404,90,25txQ92
405,32,24uj365
406,86,57j0768
407,84,67s4889
408,48,29ezU75
409,96,44klR19
410,52,07u0D27
411,4,07brP00
412,37,22waA98
413,48,15skA76
414,57,39ww978
415,32,28nwT84
416,90,95de204
417,7,53u3N75
418,50,22dyC60
419,28,73tcZ37
420,75,46sqK06
421,30,79yeO28
422,97,27gjD47
423,97,03saG88
424,50,11qh141
425,54,78rqE73
426,23,09wkN23
427,4,48wgG47
428,84,63pd842
429,9,57p3Q57
430,31,39me362
431,27,20ozL77
432,49,98glC87
433,48,71iu200
434,3,36tgV78
435,81,05bmB27
436,9,91liR89
437,87,19mtS54
438,78,64t3G31
439,59,91xqW82
440,81,19kyH61
441,78,79uj677
442,100,21ukH75
443,78,93lwD73
444,89,69gfF13
445,13,78vvW09
446,34,21z3X47
447,59,37wyQ86
448,4,84d4W16
449,51,23syW32
450,88,46fwJ43
451,59,63ai013
452,91,60u0993
453,76,49tqE05
454,88,86zdR47
455,51,47rdY28
456,44,80oo141
457,65,73jpS67
458,31,04s9Z19
459,40,66k5W80
460,43,63n6P07
461,41,30av155
462,80,85n7678
463,88,83lu268
464,63,63omO13
465,49,08lpH62
466,23,29bvX85
467,54,40s8839
468,54,12x1P10
469,61,01yx853
470,9,49m0O97
471,34,53oz767
472,31,74wcP34
473,16,34qsF81
474,56,18sq416
475,21,64urK08
476,78,26x8660
477,21,99n1259
478,15,19t6C82
479,37,34yf310
480,39,42jjM31
481,77,30acK66
482,72,66zhU10
483,98,95bvF61
484,83,93b6Q97
485,30,78s6M31
486,28,24pcK20
487,56,12ipJ15
488,18,52sdT84
489,86,48y8U39
490,97,00bxU83
491,69,51tg474
492,49,80wlP61
493,90,10s0042
494,47,25kkQ14
495,61,82nr163
496,58,03heM62
497,98,36xb821
498,22,87d0834
499,17,43rhV54
500,43,23wzR38
501,57,51syN66
502,73,53x0942
503,2,12yvH85
504,21,08oe251
505,16,33suW59
506,47,45c0139
507,48,72yjR05
508,38,12jcW14
509,41,35mrI57
510,77,09yjX24
511,71,61hhP17
512,66,29grY22
513,39,39qwJ38
514,76,57xd780
515,1,69ehG45
516,33,35wr612
517,45,37j7F72
518,82,07saP67
519,6,10lc339
520,97,54c9239
521,58,12bpL59
522,28,16avT39
523,33,68he260
524,80,63mo849
525,41,20heP14
526,8,39y2Q68
527,88,24ikC10
528,72,53ud215
529,70,50baN81
530,9,06okL95
531,26,10n6W26
532,82,26hbB24
533,73,00ldH40
534,51,90ooD25
535,71,44bd555
536,81,12wcV15
537,92,02mxB55
538,50,51fnU67
539,39,40b7090
540,35,36ipW78
541,72,22xm008
542,20,10q5168
543,22,16h1S04
544,60,58zpZ82
545,8,12jpL13
546,94,38k4656
547,68,16aiY03
548,48,52yj548
549,76,00p4585
550,58,99tjM55
551,39,46h7I59
552,34,78c8T45
553,63,22x8S18
554,47,23onM43
555,98,85s7H30
556,87,47gpP77
557,19,90e4278
558,83,51myQ09
559,28,75hsX29
560,20,54up741
561,2,78zfG69
562,10,29iaB24
563,74,41n6391
564,49,45gmQ87
565,13,96yyL73
566,61,45ifU52
567,24,08twX80
568,58,70q1083
569,82,25l5J32
570,24,31sxG70
571,61,97iy803
572,39,37y2643
573,81,74tvU58
574,53,93nnV24
575,87,86hvM53
576,18,79tyY59
577,65,29g4796
578,20,07zo454
579,31,75n2U61
580,37,27t8479
581,89,10tmX25
582,79,86siR27
583,13,70tqD55
584,17,40ouS38
585,83,31x8S06
586,87,12z6051
587,20,28syB38
588,22,90tkE36
589,46,68c8C15
590,55,85tb666
591,94,10b9D64
592,89,36ocO92
593,61,92utF44
594,49,68g0014
595,57,34yh198
596,19,90o1314
597,52,64f8239
598,86,84emC10
599,52,58pjN98
600,81,61a8165
601,13,98rgI63
602,64,24k8494
603,95,42jwJ55
604,3,64gl321
605,76,46r9T18
606,63,29jfS22
607,80,52cdO14
608,97,44mt283
609,80,32yeX12
610,100,14o4F71
611,11,63dnV83
612,89,23pqI77
613,69,25z3F46
614,4,75knQ97
615,65,43zbT00
616,41,91moL99
617,95,82qxR57
618,42,62i7R44
619,29,45mhP03
620,76,69gfN24
621,7,79ruQ63
622,94,80xy924
623,58,12jdE38
624,4,08xgH69
625,54,27f0495
626,17,77rjE68
627,69,19raD74
628,3,72hvU79
629,16,37wcB86
630,66,84ulP43
631,32,73drG30
632,15,47nb342
633,44,20stZ25
634,26,57ez832
635,22,04m1T84
636,13,38i2O99
637,50,16m8240
638,87,17lnJ43
639,94,43w9636
640,28,74f7Q61
641,86,76c1S03
642,64,79tjF48
643,13,87ihI71
644,70,39ofL39
645,72,65wxK35
646,70,12ha903
647,86,48al788
648,32,17v9408
649,93,11jkD93
650,23,79y6N36
651,82,34gz753
652,73,47k3552
653,37,98s5R36
654,24,42peR97
655,28,15ihN45
656,9,11jpZ72
657,87,75ovI71
658,77,36soF67
659,68,20p0K76
660,80,20s6A17
661,73,62roR89
662,91,66q8C35
663,57,70joN22
664,47,08pj894
665,58,74rjX88
666,31,32cwF12
667,66,05iz892
668,6,51c2I39
669,52,02wmJ34
670,2,12vw761
671,23,76hx322
672,64,34y6361
673,62,63kjG33
674,22,36bd713
675,61,22uw631
676,95,26r4106
677,80,89huY49
678,6,01knU20
679,92,82qvY94
680,10,61s3I83
681,80,02r1A68
682,92,54gyC35
683,29,37jaL09
684,1,62x1G25
685,74,53ueP39
686,83,65a0S53
687,76,23mmX16
688,13,58p7136
689,84,78lyP30
690,96,07lnZ05
691,50,38mkG38
692,66,68uqT30
693,45,48qwN85
694,46,11wl395
695,4,66m4C69
696,84,03qgT76
697,77,46yy479
698,11,46t3Q42
699,25,78za516
700,88,45kkI57
701,26,94fj804
702,40,32t8026
703,73,92vpW66
704,100,23ngF44
705,39,42ucY63
706,20,07g9900
707,88,23vm482
708,15,14ck332
709,35,23flW68
710,94,05xfM24
711,99,07d5725
712,34,92zyO54
713,57,91m5S26
714,27,57f8604
715,62,66er384
716,36,46rv042
717,66,60i9214
718,41,81d5U76
719,36,38zsW44
720,16,33kq201
721,50,71v1Q18
722,40,20c8E86
723,65,43arF54
724,80,83me277
725,39,47xt883
726,4,54lyQ05
727,67,32prT95
728,43,49akP59
729,42,06ww668
730,94,06roS93
731,4,89d6G18
732,31,98asU58
733,11,58ooH81
734,63,94d7J03
735,95,00bpN14
736,75,49uvQ19
737,92,83vvV66
738,94,86ch294
739,75,37uvU46
740,18,56c9O40
741,52,57hw069
742,50,51auV71
743,56,06loL13
744,74,24tcM09
745,37,73z4659
746,2,36g3Z40
747,29,22i4S53
748,81,20b4129
749,20,69gjL54
750,47,89w8N18
751,98,10xzY05
752,1,72p0R04
753,73,35iyO96
754,70,32fqA71
755,74,41fu371
756,67,21h1F62
757,80,95jcL71
758,12,85puS88
759,78,85gfU52
760,51,54h0R89
761,77,10cxM45
762,42,72pfX36
763,64,10jf297
764,15,28r6B75
765,11,00fx702
766,20,97umR28
767,8,52yaU20
768,83,76jsH77
769,72,50l4J44
770,69,39vdB67
771,45,81e8N78
772,54,77szS83
773,55,75pxT38
774,62,41ynJ81
775,15,03rqY13
776,93,09wfB17
777,9,75ov258
778,6,42kmC88
779,94,55puJ85
780,30,86msF47
781,72,55y7867
782,96,14se396
783,37,59pnV29
784,63,10apA76
785,55,87rxN17
786,2,67pqX52
787,62,32sgL03
788,45,34pz670
789,81,55hhB42
790,9,01ukG51
791,66,00lbY50
792,16,88zkS80
793,85,67tjQ34
794,60,90oeF43
795,20,74j1T26
796,76,18qj806
797,96,39zs407
798,43,09enM90
799,20,29dbL52
800,14,58kfI78
801,73,00ivF23
802,15,60jhH53
803,59,75bf735
804,64,13dnS33
805,49,77ywR91
806,15,98qnW31
807,42,07zrM89
808,89,13xwZ93
809,72,79t4H32
810,80,26utS68
811,26,11sx463
812,10,00wsM55
813,63,52k8J58
814,3,52gw683
815,69,92c7N13
816,68,81s5F31
817,58,06u4K78
818,60,24qmM07
819,61,03nh301
820,3,42jt737
821,84,41djJ57
822,31,48lv055
823,77,13t4O87
824,87,71vdB70
825,100,68krG07
826,55,12t6R68
827,5,59zdX50
828,69,96vjU84
829,11,37wvH34
830,11,02sfA47
831,89,10ri407
832,73,43pmM49
833,66,92zgO91
834,100,05w9Q98
835,46,37m4V35
836,7,85n6128
837,26,24wnQ17
838,48,53shY20
839,84,01ds660
840,36,65wrM05
841,51,13yfP38
842,91,19euO51
843,29,37fjZ52
844,15,59poQ53
845,95,05w1E07
846,33,27ysL74
847,19,40vpR30
848,95,18jhV40
849,99,81t0J63
850,68,66qy924
851,4,33g0764
852,60,64zrU41
853,72,01r8831
854,40,69i8R02
855,96,21dsC75
856,79,39ll573
857,4,57bhH68
858,83,13qaV94
859,73,30m0X54
860,90,52gv725
861,35,48jcF04
862,88,89k8D72
863,60,84ukX72
864,47,83qp146
865,83,27d5L05
866,24,56qxX19
867,17,60nqJ16
868,52,07rgD60
869,73,79clD45
870,3,29ps118
871,82,25tlC91
872,71,96meI64
873,41,60s3F70
874,66,41hbH49
875,89,51piW64
876,96,63thU20
877,79,12yx766
878,16,71tb667
879,55,37ezY12
880,44,27v8B02
881,26,66whM68
882,65,58vfP79
883,34,79pvA45
884,31,91d1J56
885,79,39jj852
886,83,56dpU84
887,62,61ixQ53
888,65,06izG32
889,42,23qyW85
890,65,75d3503
891,45,30qn043
892,39,57leU40
893,67,29npG70
894,19,75to092
895,39,10k5B85
896,31,61zyP12
897,85,99kq006
898,91,81hnP08
899,24,88c3L36
900,9,64j1R45
901,60,39wcK48
902,76,29jzG00
903,43,42e7698
904,6,19ub596
905,4,71wxC67
906,79,60ixO53
907,66,12bsV07
908,31,43u6S07
909,58,68exK51
910,61,79r6K71
911,64,42onN89
912,48,55d7V25
913,26,19eyQ41
914,59,83ee827
915,39,38ba654
916,18,19igF86
917,76,67uaH97
918,57,70g6C31
919,15,77erV17
920,14,55lfM51
921,13,42viQ09
922,46,08gcD76
923,58,04giJ92
924,82,72pgO31
925,1,90sjC07
926,80,13sw526
927,6,57v0223
928,53,14isE99
929,64,65fbM99
930,41,80wk900
931,92,04b8B50
932,3,23my585
933,16,30ntQ59
934,33,29tgA42
935,5,32npJ32
936,59,06v9R94
937,11,45sp068
938,92,59xrL60
939,85,54dfW59
940,30,41uo715
941,13,73awD60
942,59,19a0Z83
943,2,78te954
944,80,02ruQ88
945,74,02gs431
946,55,98ibA54
947,28,12edT55
948,94,55fgZ05
949,77,10dq779
950,61,40goV26
951,54,47vmZ84
952,81,91wmH96
953,71,21vrF76
954,46,70v1Q25
955,84,69bd946
956,23,06ufG61
957,25,85ef797
958,22,59opL16
959,29,86akD36
960,46,88etS22
961,94,86c9430
962,2,28avZ18
963,58,60rdU21
964,93,69tk060
965,17,60aq531
966,82,46v2H54
967,73,11xiV94
968,86,16cmZ56
969,10,77gwV19
970,45,80xl300
971,88,47fz986
972,10,36ho131
973,84,82toB98
974,45,79pvA43
975,19,23lq827
976,10,60ywV46
977,63,38vj833
978,54,89zpJ02
979,31,91ybA05
980,22,32ek785
981,58,05neL03
982,11,77by752
983,98,54gk001
984,29,66p5A62
985,77,17w0867
986,70,21vtZ57
987,20,14k0O53
988,54,17btP94
989,59,96h1P38
990,41,32ooZ28
991,64,50qjH20
992,89,31nl892
993,72,96alC81
994,4,10egI71
995,87,03mtN01
996,41,58vlN59
997,91,00ffP38
998,87,22pt897
999,98,74i5378
1000,68,70opZ48
